No,Keywords,Volume,Position,Est. Visits,Seo Difficulty,Ranking Url
1,epi,110000,77,0,47,http://sermst.com.br/exames/o-que-sao-epis-entenda-os-equipamentos-de-protecao/
2,n r 18,60500,15,13,44,http://sermst.com.br/seguranca-do-trabalho/nr-18-guia-completo/
3,demissional exame,27100,41,4,16,http://sermst.com.br/medicina-do-trabalho/como-funciona-o-exame-demissional-guia-completo-e-estrategico/
4,admissional,18100,51,2,16,http://sermst.com.br/exames/como-funciona-o-exame-admissional/
5,gerente,12100,47,0,33,http://sermst.com.br/medicina-do-trabalho/o-que-um-gerente-faz-funcoes-habilidades-e-impacto-nas-empresas/
6,nr 07,9900,52,0,40,http://sermst.com.br/exames/nr07-guia-completo-da-norma-regulamentadora-no-7/
7,medicina ocupacional,8100,52,4,30,http://sermst.com.br/medicina-do-trabalho/o-que-e-saude-ocupacional-um-guia-completo/
8,o'que é epi,8100,76,0,24,http://sermst.com.br/exames/o-que-sao-epis-entenda-os-equipamentos-de-protecao/
9,exame admissional o que é,8100,48,0,14,http://sermst.com.br/exames/como-funciona-o-exame-admissional/
10,como é o exame admissional,8100,50,0,13,http://sermst.com.br/exames/como-funciona-o-exame-admissional/
11,o que é epi,8100,54,0,32,http://sermst.com.br/exames/o-que-sao-epis-entenda-os-equipamentos-de-protecao/
12,o que e epis,8100,48,0,18,http://sermst.com.br/exames/o-que-sao-epis-entenda-os-equipamentos-de-protecao/
13,o que é epis,8100,42,0,17,http://sermst.com.br/exames/o-que-sao-epis-entenda-os-equipamentos-de-protecao/
14,encarregado,6600,9,32,18,http://sermst.com.br/exames/funcao-encarregado-responsabilidades-e-perfil-ideal/
15,o que é exames admissionais,6600,37,0,14,http://sermst.com.br/exames/como-funciona-o-exame-admissional/
16,o que e exame admissional,6600,54,0,18,http://sermst.com.br/exames/como-funciona-o-exame-admissional/
17,clínicas de exames admissionais,4400,2,393,9,http://sermst.com.br/
18,clínica de exames admissionais,4400,3,158,10,http://sermst.com.br/
19,clinicas de exames admissional,4400,4,136,18,http://sermst.com.br/
20,código cnae,4400,44,0,43,http://sermst.com.br/medicina-do-trabalho/lista-cnae-brasil-o-guia-completo-para-empresas-e-empreendedores/
21,clinica exames admissionais,3600,2,253,11,http://sermst.com.br/
22,clinica exame admissional,3600,2,253,9,http://sermst.com.br/
23,clinicas exame admissional,3600,6,27,13,http://sermst.com.br/
24,o que significa epi,3600,75,0,24,http://sermst.com.br/exames/o-que-sao-epis-entenda-os-equipamentos-de-protecao/
25,exames admissionais,3600,68,0,15,http://sermst.com.br/exames/como-funciona-o-exame-admissional/
26,epi significado,3600,87,0,30,http://sermst.com.br/exames/o-que-sao-epis-entenda-os-equipamentos-de-protecao/
27,códigos cnae,3600,37,0,47,http://sermst.com.br/medicina-do-trabalho/lista-cnae-brasil-o-guia-completo-para-empresas-e-empreendedores/
28,nr18 o que é,3600,35,0,16,http://sermst.com.br/seguranca-do-trabalho/nr-18-guia-completo/
29,manager o que é,3600,55,0,35,http://sermst.com.br/medicina-do-trabalho/o-que-um-gerente-faz-funcoes-habilidades-e-impacto-nas-empresas/
30,nr 18 o que é,3600,31,0,41,http://sermst.com.br/seguranca-do-trabalho/nr-18-guia-completo/
31,nr 18 atualizada,2900,27,3,16,http://sermst.com.br/seguranca-do-trabalho/nr-18-guia-completo/
32,o que significa epi's,2900,63,0,18,http://sermst.com.br/exames/o-que-sao-epis-entenda-os-equipamentos-de-protecao/
33,exame admissional perto de mim,2400,9,108,5,http://sermst.com.br/medicina-do-trabalho/exame-admissional-perto-de-mim/
34,exames médicos admissional,2400,66,0,16,http://sermst.com.br/exames/como-funciona-o-exame-admissional/
35,aso demissional,2400,63,0,14,http://sermst.com.br/medicina-do-trabalho/como-funciona-o-exame-demissional-guia-completo-e-estrategico/
36,exame medico admissional,2400,57,0,16,http://sermst.com.br/exames/como-funciona-o-exame-admissional/
37,clinica para exames admissionais,1900,1,634,21,http://sermst.com.br/
38,clinica para exames admissional,1900,1,568,15,http://sermst.com.br/
39,clínicas para exames admissionais,1900,3,49,11,http://sermst.com.br/
40,clínicas para exame admissional,1900,5,21,12,http://sermst.com.br/
41,clinica para exame admissional,1900,5,21,11,http://sermst.com.br/
42,o que é exame demissional,1900,17,2,15,http://sermst.com.br/medicina-do-trabalho/como-funciona-o-exame-demissional-guia-completo-e-estrategico/
43,o'que e exame demissional,1900,18,2,13,http://sermst.com.br/medicina-do-trabalho/como-funciona-o-exame-demissional-guia-completo-e-estrategico/
44,epis o que e,1900,22,1,32,http://sermst.com.br/exames/o-que-sao-epis-entenda-os-equipamentos-de-protecao/
45,epi o q é,1900,27,1,17,http://sermst.com.br/exames/o-que-sao-epis-entenda-os-equipamentos-de-protecao/
46,exame demissional o'que é,1900,23,1,14,http://sermst.com.br/medicina-do-trabalho/como-funciona-o-exame-demissional-guia-completo-e-estrategico/
47,exame demissional o que e,1900,77,0,13,http://sermst.com.br/medicina-do-trabalho/como-funciona-o-exame-demissional-guia-completo-e-estrategico/
48,nr 7 atualizada,1900,67,0,24,http://sermst.com.br/exames/nr07-guia-completo-da-norma-regulamentadora-no-7/
49,o que e exame demissional,1900,81,0,15,http://sermst.com.br/medicina-do-trabalho/como-funciona-o-exame-demissional-guia-completo-e-estrategico/
50,epi's o que é,1900,67,0,22,http://sermst.com.br/exames/o-que-sao-epis-entenda-os-equipamentos-de-protecao/
51,o exame demissional,1900,57,0,13,http://sermst.com.br/medicina-do-trabalho/como-funciona-o-exame-demissional-guia-completo-e-estrategico/
52,exame demissional quem paga,1900,75,0,15,http://sermst.com.br/medicina-do-trabalho/como-funciona-o-exame-demissional-guia-completo-e-estrategico/
53,epi o que é,1900,50,0,25,http://sermst.com.br/exames/o-que-sao-epis-entenda-os-equipamentos-de-protecao/
54,o exame demissional quem paga,1900,75,0,16,http://sermst.com.br/medicina-do-trabalho/como-funciona-o-exame-demissional-guia-completo-e-estrategico/
55,quem paga exame demissional,1900,74,0,16,http://sermst.com.br/medicina-do-trabalho/como-funciona-o-exame-demissional-guia-completo-e-estrategico/
56,lista de cnaes,1600,34,1,44,http://sermst.com.br/medicina-do-trabalho/lista-cnae-brasil-o-guia-completo-para-empresas-e-empreendedores/
57,validade da nr 18,1600,49,0,10,http://sermst.com.br/seguranca-do-trabalho/nr-18-guia-completo/
58,validade nr 18,1600,54,0,9,http://sermst.com.br/seguranca-do-trabalho/nr-18-guia-completo/
59,nr 18 validade,1600,41,0,12,http://sermst.com.br/seguranca-do-trabalho/nr-18-guia-completo/
60,cnae da empresa,1600,41,0,39,http://sermst.com.br/medicina-do-trabalho/lista-cnae-brasil-o-guia-completo-para-empresas-e-empreendedores/
61,clismed clínica de segurança e medicina do trabalho,1600,60,0,17,http://sermst.com.br/
62,clinica admissional,1300,4,27,8,http://sermst.com.br/
63,clínicas que fazem exame admissional,1300,3,16,6,http://sermst.com.br/
64,cnae lista,1300,14,2,43,http://sermst.com.br/medicina-do-trabalho/lista-cnae-brasil-o-guia-completo-para-empresas-e-empreendedores/
65,lista cnae,1300,16,2,47,http://sermst.com.br/medicina-do-trabalho/lista-cnae-brasil-o-guia-completo-para-empresas-e-empreendedores/
66,epi segurança do trabalho,1300,80,0,35,http://sermst.com.br/exames/o-que-sao-epis-entenda-os-equipamentos-de-protecao/
67,o'que são equipamentos de proteção individual,1300,33,0,32,http://sermst.com.br/exames/o-que-sao-epis-entenda-os-equipamentos-de-protecao/
68,o'que sao epis,1300,22,0,27,http://sermst.com.br/exames/o-que-sao-epis-entenda-os-equipamentos-de-protecao/
69,exames admissionais o que é,1300,41,0,12,http://sermst.com.br/exames/como-funciona-o-exame-admissional/
70,o'que é um exame admissional,1300,84,0,13,http://sermst.com.br/exames/como-funciona-o-exame-admissional/
71,o que são epis,1300,45,0,30,http://sermst.com.br/exames/o-que-sao-epis-entenda-os-equipamentos-de-protecao/
72,onde fazer exame admissional perto de mim,1000,5,8,6,http://sermst.com.br/medicina-do-trabalho/exame-admissional-perto-de-mim/
73,o que um gerente faz,1000,7,7,36,http://sermst.com.br/medicina-do-trabalho/o-que-um-gerente-faz-funcoes-habilidades-e-impacto-nas-empresas/
74,largo do paissandu 72,1000,3,7,21,http://sermst.com.br/contato/
75,o'que um gerente faz,1000,7,7,34,http://sermst.com.br/medicina-do-trabalho/o-que-um-gerente-faz-funcoes-habilidades-e-impacto-nas-empresas/
76,o'que e saúde ocupacional,1000,93,0,30,http://sermst.com.br/medicina-do-trabalho/o-que-e-saude-ocupacional-um-guia-completo/
77,tabela de cnae,1000,49,0,43,http://sermst.com.br/medicina-do-trabalho/lista-cnae-brasil-o-guia-completo-para-empresas-e-empreendedores/
78,exame admissional como é feito,1000,60,0,14,http://sermst.com.br/exames/como-funciona-o-exame-admissional/
79,o que e epi,1000,63,0,42,http://sermst.com.br/exames/o-que-sao-epis-entenda-os-equipamentos-de-protecao/
80,como fazer a carta de demissão,1000,74,0,17,http://sermst.com.br/medicina-do-trabalho/como-fazer-uma-carta-de-demissao-guia-completo-para-profissionais/
81,prazo exame demissional,1000,88,0,14,http://sermst.com.br/medicina-do-trabalho/como-funciona-o-exame-demissional-guia-completo-e-estrategico/
82,sesmt ocupacional,1000,75,0,18,http://sermst.com.br/
83,clínicas para fazer exame admissional,880,21,5,8,http://sermst.com.br/
84,o que o gerente faz,880,3,4,30,http://sermst.com.br/medicina-do-trabalho/o-que-um-gerente-faz-funcoes-habilidades-e-impacto-nas-empresas/
85,exame admissional são paulo,880,11,1,7,http://sermst.com.br/
86,encarregada,880,8,1,39,http://sermst.com.br/exames/funcao-encarregado-responsabilidades-e-perfil-ideal/
87,treinamento nr 18,880,35,0,12,http://sermst.com.br/seguranca-do-trabalho/nr-18-guia-completo/
88,exame demissional prazo,880,57,0,15,http://sermst.com.br/exames/como-funciona-exame-demissional/
89,exame demissional quando fazer,880,79,0,18,http://sermst.com.br/medicina-do-trabalho/como-funciona-o-exame-demissional-guia-completo-e-estrategico/
90,epis equipamentos de segurança,880,30,0,31,http://sermst.com.br/exames/o-que-sao-epis-entenda-os-equipamentos-de-protecao/
91,cnae receita federal,880,22,0,51,http://sermst.com.br/medicina-do-trabalho/lista-cnae-brasil-o-guia-completo-para-empresas-e-empreendedores/
92,treinamento nr18,880,40,0,15,http://sermst.com.br/seguranca-do-trabalho/nr-18-guia-completo/
93,receita federal cnae,880,31,0,44,http://sermst.com.br/medicina-do-trabalho/lista-cnae-brasil-o-guia-completo-para-empresas-e-empreendedores/
94,materia de epi,880,75,0,33,http://sermst.com.br/exames/o-que-sao-epis-entenda-os-equipamentos-de-protecao/
95,cnaes receita federal,880,31,0,43,http://sermst.com.br/medicina-do-trabalho/lista-cnae-brasil-o-guia-completo-para-empresas-e-empreendedores/
96,nr 18 pdf,880,32,0,36,http://sermst.com.br/seguranca-do-trabalho/nr-18-guia-completo/
97,o que e um gerente,720,6,3,29,http://sermst.com.br/medicina-do-trabalho/o-que-um-gerente-faz-funcoes-habilidades-e-impacto-nas-empresas/
98,o que e gerente,720,8,3,27,http://sermst.com.br/medicina-do-trabalho/o-que-um-gerente-faz-funcoes-habilidades-e-impacto-nas-empresas/
99,o'que é gerente,720,17,2,36,http://sermst.com.br/exames/o-que-um-gerente-faz-funcoes-responsabilidades/
100,o que é gerente,720,17,1,29,http://sermst.com.br/exames/o-que-um-gerente-faz-funcoes-responsabilidades/
101,exame demissional perto de mim,720,20,1,6,http://sermst.com.br/medicina-do-trabalho/exame-admissional-perto-de-mim/
102,significado de e p i,720,80,0,23,http://sermst.com.br/exames/o-que-sao-epis-entenda-os-equipamentos-de-protecao/
103,o que é um gerente,720,44,0,29,http://sermst.com.br/medicina-do-trabalho/o-que-um-gerente-faz-funcoes-habilidades-e-impacto-nas-empresas/
104,exames admissionais recife,720,50,0,5,http://sermst.com.br/
105,significado de epi,720,95,0,33,http://sermst.com.br/exames/o-que-sao-epis-entenda-os-equipamentos-de-protecao/
106,nr 07 atualizada,720,48,0,22,http://sermst.com.br/exames/nr07-guia-completo-da-norma-regulamentadora-no-7/
107,nr 18 mte,720,45,0,20,http://sermst.com.br/seguranca-do-trabalho/nr-18-guia-completo/
108,origem dos epis,720,74,0,12,http://sermst.com.br/exames/o-que-sao-epis-entenda-os-equipamentos-de-protecao/
109,construção civil nr 18,720,48,0,31,http://sermst.com.br/seguranca-do-trabalho/nr-18-guia-completo/
110,atestado demissional,720,38,0,16,http://sermst.com.br/exames/como-funciona-exame-demissional/
111,exame clinico ocupacional,720,76,0,7,http://sermst.com.br/medicina-do-trabalho/exame-admissional-perto-de-mim/
112,clinica exame demissional,590,1,234,4,http://sermst.com.br/
113,nr 18 construção civil,590,12,3,24,http://sermst.com.br/seguranca-do-trabalho/nr-18-guia-completo/
114,clínica de exame admissional perto de mim,590,5,1,5,http://sermst.com.br/medicina-do-trabalho/exame-admissional-perto-de-mim/
115,o que significa a sigla epi,590,81,0,15,http://sermst.com.br/exames/o-que-sao-epis-entenda-os-equipamentos-de-protecao/
116,o'que é admissional,590,88,0,17,http://sermst.com.br/exames/como-funciona-o-exame-admissional/
117,clinica sesmt,590,46,0,11,http://sermst.com.br/
118,depois do exame demissional quanto tempo para receber,590,44,0,16,http://sermst.com.br/exames/como-funciona-exame-demissional/
119,exame admissional e demissional,590,62,0,10,http://sermst.com.br/medicina-do-trabalho/como-funciona-o-exame-demissional-guia-completo-e-estrategico/
120,o que é admissional,590,39,0,14,http://sermst.com.br/exames/como-funciona-o-exame-admissional/
121,exames admissionais fortaleza,590,65,0,5,http://sermst.com.br/
122,para que serve exame demissional,590,87,0,14,http://sermst.com.br/medicina-do-trabalho/como-funciona-o-exame-demissional-guia-completo-e-estrategico/
123,nr18 para que serve,590,27,0,12,http://sermst.com.br/seguranca-do-trabalho/nr-18-guia-completo/
124,o que significa exame admissional,590,68,0,18,http://sermst.com.br/exames/como-funciona-o-exame-admissional/
125,norma regulamentadora construção civil,590,64,0,15,http://sermst.com.br/seguranca-do-trabalho/nr-18-guia-completo/
126,nr construção civil,590,24,0,26,http://sermst.com.br/seguranca-do-trabalho/nr-18-guia-completo/
127,exemplo de epi,590,70,0,12,http://sermst.com.br/exames/o-que-sao-epis-entenda-os-equipamentos-de-protecao/
128,exames demissionais,590,34,0,11,http://sermst.com.br/exames/como-funciona-exame-demissional/
129,para que serve o exame demissional,590,87,0,14,http://sermst.com.br/medicina-do-trabalho/como-funciona-o-exame-demissional-guia-completo-e-estrategico/
130,o que é nr 18,590,29,0,42,http://sermst.com.br/seguranca-do-trabalho/nr-18-guia-completo/
131,exames admissionais cuiaba,590,47,0,6,http://sermst.com.br/
132,nr 18 para que serve,590,29,0,23,http://sermst.com.br/seguranca-do-trabalho/nr-18-guia-completo/
133,o que significa a sigla epis,590,65,0,15,http://sermst.com.br/exames/o-que-sao-epis-entenda-os-equipamentos-de-protecao/
134,exame admissional campo grande ms,590,31,0,4,http://sermst.com.br/
135,admissional e demissional,590,56,0,10,http://sermst.com.br/medicina-do-trabalho/como-funciona-o-exame-demissional-guia-completo-e-estrategico/
136,teste admissional,590,59,0,13,http://sermst.com.br/exames/como-funciona-o-exame-admissional/
137,o'que significa a sigla epi,590,79,0,15,http://sermst.com.br/exames/o-que-sao-epis-entenda-os-equipamentos-de-protecao/
138,o que é encarregado,480,5,15,22,http://sermst.com.br/medicina-do-trabalho/funcao-do-encarregado-responsabilidades-competencias-e-impacto-no-ambiente-de-trabalho/
139,clinica saludvida aso admissional exames para trabalho,480,20,4,11,http://sermst.com.br/sao-paulo/pinheiros/clinica-para-exame-admissional-em-pinheiros/
140,o'que é encarregado,480,4,4,19,http://sermst.com.br/exames/funcao-encarregado-responsabilidades-e-perfil-ideal/
141,exame demissional como funciona,480,8,2,12,http://sermst.com.br/medicina-do-trabalho/como-funciona-o-exame-demissional-guia-completo-e-estrategico/
142,como funciona o exame demissional,480,9,2,12,http://sermst.com.br/medicina-do-trabalho/como-funciona-o-exame-demissional-guia-completo-e-estrategico/
143,o que epis,480,19,1,21,http://sermst.com.br/exames/o-que-sao-epis-entenda-os-equipamentos-de-protecao/
144,exame demissional onde fazer,480,12,1,9,http://sermst.com.br/
145,função de gerente,480,13,1,35,http://sermst.com.br/medicina-do-trabalho/o-que-um-gerente-faz-funcoes-habilidades-e-impacto-nas-empresas/
146,como funciona o exame admissional,480,20,1,12,http://sermst.com.br/exames/como-funciona-o-exame-admissional/
147,o que epi,480,53,0,40,http://sermst.com.br/exames/o-que-sao-epis-entenda-os-equipamentos-de-protecao/
148,setrab group unidade vila mariana,480,26,0,11,http://sermst.com.br/sao-paulo/exame-admissional-na-vila-mariana/
149,epis o'que significa,480,27,0,14,http://sermst.com.br/exames/o-que-sao-epis-entenda-os-equipamentos-de-protecao/
150,para que serve exame admissional,480,56,0,14,http://sermst.com.br/exames/como-funciona-o-exame-admissional/
151,cnae principal,480,47,0,19,http://sermst.com.br/medicina-do-trabalho/lista-cnae-brasil-o-guia-completo-para-empresas-e-empreendedores/
152,classificação nacional de atividades econômicas cnae,480,27,0,47,http://sermst.com.br/medicina-do-trabalho/lista-cnae-brasil-o-guia-completo-para-empresas-e-empreendedores/
153,epi o que significa,480,86,0,17,http://sermst.com.br/exames/o-que-sao-epis-entenda-os-equipamentos-de-protecao/
154,exame admissional precisa de jejum,480,78,0,14,http://sermst.com.br/exames/como-funciona-o-exame-admissional/
155,depois do exame demissional o que acontece,480,22,0,16,http://sermst.com.br/exames/como-funciona-exame-demissional/
156,para que serve o exame admissional,480,67,0,13,http://sermst.com.br/exames/como-funciona-o-exame-admissional/
157,funções de um gerente,480,23,0,29,http://sermst.com.br/medicina-do-trabalho/o-que-um-gerente-faz-funcoes-habilidades-e-impacto-nas-empresas/
158,epis o que significa,480,69,0,24,http://sermst.com.br/exames/o-que-sao-epis-entenda-os-equipamentos-de-protecao/
159,o que faz no exame admissional,480,53,0,13,http://sermst.com.br/exames/como-funciona-o-exame-admissional/
160,sermst exame admissional e demissional segurança do trabalho,390,1,195,8,http://sermst.com.br/
161,encarregado operacional,390,17,2,18,http://sermst.com.br/exames/funcao-encarregado-responsabilidades-e-perfil-ideal/
162,epis 1,390,16,2,32,http://sermst.com.br/exames/o-que-sao-epis-entenda-os-equipamentos-de-protecao/
163,qual a função de,390,13,1,33,http://sermst.com.br/exames/funcao-encarregado-responsabilidades-e-perfil-ideal/
164,o que faz um manager,390,54,0,23,http://sermst.com.br/exames/o-que-um-gerente-faz-funcoes-responsabilidades/
165,exames admissional precisa estar em jejum,390,64,0,14,http://sermst.com.br/exames/como-funciona-o-exame-admissional/
166,o que e demissional,390,42,0,17,http://sermst.com.br/exames/como-funciona-exame-demissional/
167,posso fazer exame admissional estando trabalhando em outra empresa,390,51,0,15,http://sermst.com.br/medicina-do-trabalho/exame-admissional-perto-de-mim/
168,exame admissional precisa estar em jejum,390,67,0,12,http://sermst.com.br/exames/como-funciona-o-exame-admissional/
169,código de atividades econômicas,390,59,0,18,http://sermst.com.br/medicina-do-trabalho/lista-cnae-brasil-o-guia-completo-para-empresas-e-empreendedores/
170,epis de segurança do trabalho,390,73,0,34,http://sermst.com.br/exames/o-que-sao-epis-entenda-os-equipamentos-de-protecao/
171,exame admissional de sangue,390,80,0,10,http://sermst.com.br/medicina-do-trabalho/exame-admissional-perto-de-mim/
172,norma regulamentadora 7,390,44,0,35,http://sermst.com.br/exames/nr07-guia-completo-da-norma-regulamentadora-no-7/
173,nr 18 trabalho a quente,390,41,0,9,http://sermst.com.br/seguranca-do-trabalho/nr-18-guia-completo/
174,proteção epi's,390,78,0,41,http://sermst.com.br/exames/o-que-sao-epis-entenda-os-equipamentos-de-protecao/
175,demissional o que é,390,67,0,13,http://sermst.com.br/medicina-do-trabalho/como-funciona-o-exame-demissional-guia-completo-e-estrategico/
176,o'que é exame de admissão,390,59,0,18,http://sermst.com.br/exames/como-funciona-o-exame-admissional/
177,o que é feito no exame admissional,390,73,0,13,http://sermst.com.br/exames/como-funciona-o-exame-admissional/
178,o'que é demissional,390,26,0,17,http://sermst.com.br/exames/como-funciona-exame-demissional/
179,epis de trabalho,390,37,0,31,http://sermst.com.br/exames/o-que-sao-epis-entenda-os-equipamentos-de-protecao/
180,o'que e demissional,390,21,0,14,http://sermst.com.br/medicina-do-trabalho/como-funciona-o-exame-demissional-guia-completo-e-estrategico/
181,protecao epis,390,44,0,34,http://sermst.com.br/exames/o-que-sao-epis-entenda-os-equipamentos-de-protecao/
182,saúde ocupacional o'que é,390,87,0,34,http://sermst.com.br/medicina-do-trabalho/o-que-e-saude-ocupacional-um-guia-completo/
183,o que é demissional,390,86,0,15,http://sermst.com.br/medicina-do-trabalho/como-funciona-o-exame-demissional-guia-completo-e-estrategico/
184,equipamento de proteção individual saúde,390,66,0,19,http://sermst.com.br/exames/o-que-sao-epis-entenda-os-equipamentos-de-protecao/
185,exame para trabalho,390,78,0,22,http://sermst.com.br/medicina-do-trabalho/exame-admissional-perto-de-mim/
186,normas regulamentadoras 7,390,44,0,35,http://sermst.com.br/exames/nr07-guia-completo-da-norma-regulamentadora-no-7/
187,nbr 18,320,21,1,21,http://sermst.com.br/seguranca-do-trabalho/nr-18-guia-completo/
188,nr 18.gov,320,12,1,44,http://sermst.com.br/seguranca-do-trabalho/nr-18-guia-completo/
189,exames médicos demissionais,320,81,0,11,http://sermst.com.br/medicina-do-trabalho/como-funciona-o-exame-demissional-guia-completo-e-estrategico/
190,o que é carta de recomendação,320,47,0,19,http://sermst.com.br/exames/como-fazer-uma-carta-de-recomendacao-guia-completo/
191,nr 18 enit,320,39,0,31,http://sermst.com.br/seguranca-do-trabalho/nr-18-guia-completo/
192,nr 07 pcmso,320,45,0,23,http://sermst.com.br/exames/nr07-guia-completo-da-norma-regulamentadora-no-7/
193,o que significa admissional,320,50,0,18,http://sermst.com.br/exames/como-funciona-o-exame-admissional/
194,o que é atestado admissional,320,55,0,15,http://sermst.com.br/exames/como-funciona-o-exame-admissional/
195,epis exemplos,320,56,0,14,http://sermst.com.br/exames/o-que-sao-epis-entenda-os-equipamentos-de-protecao/
196,segurança epi,320,65,0,49,http://sermst.com.br/exames/o-que-sao-epis-entenda-os-equipamentos-de-protecao/
197,nr pcmso,320,45,0,14,http://sermst.com.br/medicina-do-trabalho/nr-07-tudo-o-que-voce-precisa-saber-sobre-o-controle-medico-de-saude-ocupacional/
198,rama medicina e segurança do trabalho,320,65,0,17,http://sermst.com.br/
199,clínica exame admissional perto de mim,260,1,115,6,http://sermst.com.br/medicina-do-trabalho/exame-admissional-perto-de-mim/
200,empresas de exame admissional,260,2,14,7,http://sermst.com.br/
201,exame admissional proximo a mim,260,3,11,7,http://sermst.com.br/medicina-do-trabalho/exame-admissional-perto-de-mim/
202,gerente função,260,4,10,24,http://sermst.com.br/exames/o-que-um-gerente-faz-funcoes-responsabilidades/
203,epis 2,260,9,3,29,http://sermst.com.br/exames/o-que-sao-epis-entenda-os-equipamentos-de-protecao/
204,epis trabalho,260,26,0,30,http://sermst.com.br/exames/o-que-sao-epis-entenda-os-equipamentos-de-protecao/
205,sigla epi,260,84,0,14,http://sermst.com.br/exames/o-que-sao-epis-entenda-os-equipamentos-de-protecao/
206,exame admissional em salvador,260,82,0,5,http://sermst.com.br/medicina-do-trabalho/exame-admissional-perto-de-mim/
207,como é feito o exame demissional,260,48,0,14,http://sermst.com.br/medicina-do-trabalho/como-funciona-o-exame-demissional-guia-completo-e-estrategico/
208,clinica paysandu,260,29,0,19,http://sermst.com.br/
209,nr 18 guarda corpo,260,48,0,9,http://sermst.com.br/seguranca-do-trabalho/nr-18-guia-completo/
210,demissional prazo,260,40,0,15,http://sermst.com.br/exames/como-funciona-exame-demissional/
211,o que e exame clínico admissional,260,38,0,13,http://sermst.com.br/exames/como-funciona-o-exame-admissional/
212,cargo de gerente,260,66,0,28,http://sermst.com.br/medicina-do-trabalho/o-que-um-gerente-faz-funcoes-habilidades-e-impacto-nas-empresas/
213,exame demissional quando deve ser feito,260,25,0,17,http://sermst.com.br/exames/como-funciona-exame-demissional/
214,exame demissional deve ser feito quando,260,57,0,16,http://sermst.com.br/medicina-do-trabalho/como-funciona-o-exame-demissional-guia-completo-e-estrategico/
215,o exame demissional deve ser feito quando,260,62,0,14,http://sermst.com.br/medicina-do-trabalho/como-funciona-o-exame-demissional-guia-completo-e-estrategico/
216,conteudo programatico nr 18,260,24,0,14,http://sermst.com.br/seguranca-do-trabalho/nr-18-guia-completo/
217,epis empresa,260,35,0,36,http://sermst.com.br/exames/o-que-sao-epis-entenda-os-equipamentos-de-protecao/
218,exame admissional próximo a mim,260,4,0,6,http://sermst.com.br/medicina-do-trabalho/exame-admissional-perto-de-mim/
219,guarda corpo nr 18,260,62,0,10,http://sermst.com.br/seguranca-do-trabalho/nr-18-guia-completo/
220,demissional significado,260,52,0,15,http://sermst.com.br/exames/como-funciona-exame-demissional/
221,epi 7,260,88,0,35,http://sermst.com.br/exames/o-que-sao-epis-entenda-os-equipamentos-de-protecao/
222,cargos de gerente,260,83,0,27,http://sermst.com.br/medicina-do-trabalho/o-que-um-gerente-faz-funcoes-habilidades-e-impacto-nas-empresas/
223,como funciona exame admissional,260,22,0,14,http://sermst.com.br/exames/como-funciona-o-exame-admissional/
224,cargos de gerentes,260,79,0,25,http://sermst.com.br/exames/o-que-um-gerente-faz-funcoes-responsabilidades/
225,cnae do cnpj,260,59,0,40,http://sermst.com.br/medicina-do-trabalho/lista-cnae-brasil-o-guia-completo-para-empresas-e-empreendedores/
226,exame médico do trabalho,260,43,0,20,http://sermst.com.br/medicina-do-trabalho/exame-admissional-perto-de-mim/
227,quais os exames admissionais,260,74,0,13,http://sermst.com.br/medicina-do-trabalho/exame-admissional-perto-de-mim/
228,para fazer exame admissional precisa estar em jejum,260,56,0,15,http://sermst.com.br/exames/como-funciona-o-exame-admissional/
229,o'que significa demissional,260,25,0,15,http://sermst.com.br/medicina-do-trabalho/como-funciona-o-exame-demissional-guia-completo-e-estrategico/
230,o que significa demissional,260,81,0,14,http://sermst.com.br/medicina-do-trabalho/como-funciona-o-exame-demissional-guia-completo-e-estrategico/
231,epi trabalho,260,69,0,38,http://sermst.com.br/exames/o-que-sao-epis-entenda-os-equipamentos-de-protecao/
232,epis materiais de segurança,260,35,0,34,http://sermst.com.br/exames/o-que-sao-epis-entenda-os-equipamentos-de-protecao/
233,depois do exame demissional qual o próximo passo,260,31,0,15,http://sermst.com.br/exames/como-funciona-exame-demissional/
234,empresas de exames admissionais,260,17,0,16,http://sermst.com.br/medicina-do-trabalho/exame-admissional-perto-de-mim/
235,epi 2,260,23,0,36,http://sermst.com.br/exames/o-que-sao-epis-entenda-os-equipamentos-de-protecao/
236,epis no trabalho,260,28,0,35,http://sermst.com.br/exames/o-que-sao-epis-entenda-os-equipamentos-de-protecao/
237,o'que um encarregado faz,210,4,5,22,http://sermst.com.br/exames/funcao-encarregado-responsabilidades-e-perfil-ideal/
238,o que é ser gerente,210,16,2,28,http://sermst.com.br/medicina-do-trabalho/o-que-um-gerente-faz-funcoes-habilidades-e-impacto-nas-empresas/
239,como funciona um exame admissional,210,18,2,11,http://sermst.com.br/exames/como-funciona-o-exame-admissional/
240,consulta admissional,210,15,1,14,http://sermst.com.br/medicina-do-trabalho/exame-admissional-perto-de-mim/
241,teste de admissão,210,16,1,15,http://sermst.com.br/exames/como-funciona-o-exame-admissional/
242,escavação nr 18,210,20,1,16,http://sermst.com.br/seguranca-do-trabalho/nr-18-guia-completo/
243,nr 18 escavação,210,33,0,19,http://sermst.com.br/seguranca-do-trabalho/nr-18-guia-completo/
244,norma nr 18,210,48,0,34,http://sermst.com.br/seguranca-do-trabalho/nr-18-guia-completo/
245,escavações nr 18,210,38,0,16,http://sermst.com.br/seguranca-do-trabalho/nr-18-guia-completo/
246,o que é ser um gerente,210,70,0,25,http://sermst.com.br/medicina-do-trabalho/o-que-um-gerente-faz-funcoes-habilidades-e-impacto-nas-empresas/
247,gerente de,210,57,0,35,http://sermst.com.br/medicina-do-trabalho/o-que-um-gerente-faz-funcoes-habilidades-e-impacto-nas-empresas/
248,exame medicina do trabalho,210,48,0,17,http://sermst.com.br/medicina-do-trabalho/exame-admissional-perto-de-mim/
249,quando deve ser feito o exame demissional,210,59,0,12,http://sermst.com.br/medicina-do-trabalho/como-funciona-o-exame-demissional-guia-completo-e-estrategico/
250,exame de admissão o que é,210,45,0,16,http://sermst.com.br/exames/como-funciona-o-exame-admissional/
251,o que reprova no exame demissional,210,72,0,18,http://sermst.com.br/medicina-do-trabalho/como-funciona-o-exame-demissional-guia-completo-e-estrategico/
252,o que um encarregado faz,210,27,0,19,http://sermst.com.br/medicina-do-trabalho/funcao-do-encarregado-responsabilidades-competencias-e-impacto-no-ambiente-de-trabalho/
253,o que ser gerente,210,49,0,37,http://sermst.com.br/medicina-do-trabalho/o-que-um-gerente-faz-funcoes-habilidades-e-impacto-nas-empresas/
254,o'que é ser gerente,210,60,0,20,http://sermst.com.br/medicina-do-trabalho/o-que-um-gerente-faz-funcoes-habilidades-e-impacto-nas-empresas/
255,exame para sair da empresa,210,88,0,19,http://sermst.com.br/medicina-do-trabalho/como-funciona-o-exame-demissional-guia-completo-e-estrategico/
256,o que significa exame demissional,210,58,0,14,http://sermst.com.br/exames/como-funciona-exame-demissional/
257,enit nr 18,210,32,0,29,http://sermst.com.br/seguranca-do-trabalho/nr-18-guia-completo/
258,sesmt medicina do trabalho,210,66,0,17,http://sermst.com.br/
259,exame admissional em natal,210,58,0,8,http://sermst.com.br/
260,epi sigla,210,72,0,13,http://sermst.com.br/exames/o-que-sao-epis-entenda-os-equipamentos-de-protecao/
261,nr 18 resumo,210,37,0,31,http://sermst.com.br/seguranca-do-trabalho/nr-18-guia-completo/
262,como é feito exame admissional,210,69,0,11,http://sermst.com.br/exames/como-funciona-o-exame-admissional/
263,equipamento de proteção individual e coletivo,210,86,0,18,http://sermst.com.br/exames/o-que-sao-epis-entenda-os-equipamentos-de-protecao/
264,qual a função do gerente,170,8,3,33,http://sermst.com.br/medicina-do-trabalho/o-que-um-gerente-faz-funcoes-habilidades-e-impacto-nas-empresas/
265,o que faz um encarregado,170,5,3,21,http://sermst.com.br/exames/funcao-encarregado-responsabilidades-e-perfil-ideal/
266,onde fazer exame demissional perto de mim,170,15,2,23,http://sermst.com.br/
267,onde fazer o exame admissional,170,7,1,11,http://sermst.com.br/medicina-do-trabalho/exame-admissional-perto-de-mim/
268,gestao sst,170,20,1,11,http://sermst.com.br/exames/gestao-de-sst-o-guia-completo-para-empresas-que-buscam-seguranca/
269,encarregada geral,170,8,1,20,http://sermst.com.br/exames/funcao-encarregado-responsabilidades-e-perfil-ideal/
270,gestão em sst,170,20,1,11,http://sermst.com.br/exames/gestao-de-sst-o-guia-completo-para-empresas-que-buscam-seguranca/
271,largo paissandu 72,170,3,1,19,http://sermst.com.br/contato/
272,o que um gerente geral faz,170,15,1,20,http://sermst.com.br/exames/o-que-um-gerente-faz-funcoes-responsabilidades/
273,exames admissionais perto de mim,170,14,1,6,http://sermst.com.br/medicina-do-trabalho/exame-admissional-perto-de-mim/
274,o que significa nr 18,170,84,0,16,http://sermst.com.br/seguranca-do-trabalho/nr-18-guia-completo/
275,o que o gerente geral faz,170,79,0,26,http://sermst.com.br/medicina-do-trabalho/o-que-um-gerente-faz-funcoes-habilidades-e-impacto-nas-empresas/
276,o que faz um gerente geral,170,60,0,22,http://sermst.com.br/exames/o-que-um-gerente-faz-funcoes-responsabilidades/
277,epis conceito,170,38,0,31,http://sermst.com.br/exames/o-que-sao-epis-entenda-os-equipamentos-de-protecao/
278,exame admissional betim,170,41,0,11,http://sermst.com.br/
279,exame demissional para que serve,170,86,0,16,http://sermst.com.br/medicina-do-trabalho/como-funciona-o-exame-demissional-guia-completo-e-estrategico/
280,no exame admissional,170,65,0,18,http://sermst.com.br/exames/como-funciona-o-exame-admissional/
281,exame demissional o que levar,170,67,0,14,http://sermst.com.br/medicina-do-trabalho/como-funciona-o-exame-demissional-guia-completo-e-estrategico/
282,como é o exame demissional,170,40,0,14,http://sermst.com.br/medicina-do-trabalho/como-funciona-o-exame-demissional-guia-completo-e-estrategico/
283,nr 7 exame demissional,170,35,0,10,http://sermst.com.br/exames/nr07-guia-completo-da-norma-regulamentadora-no-7/
284,epi conceito,170,66,0,27,http://sermst.com.br/exames/o-que-sao-epis-entenda-os-equipamentos-de-protecao/
285,fiz exame admissional quanto tempo demora,170,56,0,17,http://sermst.com.br/exames/como-funciona-o-exame-admissional/
286,gestao de sst,170,23,0,14,http://sermst.com.br/exames/gestao-de-sst-o-guia-completo-para-empresas-que-buscam-seguranca/
287,o'que é curso nr 35,170,79,0,12,http://sermst.com.br/seguranca-do-trabalho/nr-35-e-nr-18/
288,o que e nr 18,170,56,0,41,http://sermst.com.br/seguranca-do-trabalho/nr-18-guia-completo/
289,exame admissional em maringa,170,43,0,10,http://sermst.com.br/
290,significado de epis,170,72,0,31,http://sermst.com.br/exames/o-que-sao-epis-entenda-os-equipamentos-de-protecao/
291,gerente geral o que faz,170,57,0,27,http://sermst.com.br/exames/o-que-um-gerente-faz-funcoes-responsabilidades/
292,nr 7 mte,170,27,0,35,http://sermst.com.br/exames/nr07-guia-completo-da-norma-regulamentadora-no-7/
293,definição de epi,170,84,0,29,http://sermst.com.br/exames/o-que-sao-epis-entenda-os-equipamentos-de-protecao/
294,médico admissional,170,87,0,15,http://sermst.com.br/medicina-do-trabalho/exame-admissional-perto-de-mim/
295,tipos de cnae,170,60,0,48,http://sermst.com.br/medicina-do-trabalho/lista-cnae-brasil-o-guia-completo-para-empresas-e-empreendedores/
296,pgr nr 18,170,24,0,13,http://sermst.com.br/seguranca-do-trabalho/nr-18-guia-completo/
297,gestão de sst,170,48,0,10,http://sermst.com.br/exames/gestao-de-sst-o-guia-completo-para-empresas-que-buscam-seguranca/
298,o'que e nr 18,170,81,0,32,http://sermst.com.br/seguranca-do-trabalho/nr-18-guia-completo/
299,utilização de epis,170,69,0,14,http://sermst.com.br/exames/o-que-sao-epis-entenda-os-equipamentos-de-protecao/
300,gestão ocupacional,170,56,0,10,http://sermst.com.br/medicina-do-trabalho/o-que-e-saude-ocupacional-um-guia-completo/
301,aso demissional prazo,170,76,0,14,http://sermst.com.br/medicina-do-trabalho/como-funciona-o-exame-demissional-guia-completo-e-estrategico/
302,exames demissionais em fortaleza,170,44,0,6,http://sermst.com.br/
303,sermst,140,1,65,18,http://sermst.com.br/
304,clinica demissional,140,1,63,11,http://sermst.com.br/
305,norma regulamentadora 7 nr 7,140,44,0,24,http://sermst.com.br/exames/nr07-guia-completo-da-norma-regulamentadora-no-7/
306,qual o significado de epis,140,64,0,20,http://sermst.com.br/exames/o-que-sao-epis-entenda-os-equipamentos-de-protecao/
307,significado da sigla epi,140,91,0,15,http://sermst.com.br/exames/o-que-sao-epis-entenda-os-equipamentos-de-protecao/
308,oq e exame demissional,140,60,0,13,http://sermst.com.br/medicina-do-trabalho/como-funciona-o-exame-demissional-guia-completo-e-estrategico/
309,o que um encarregado de limpeza faz,140,20,0,13,http://sermst.com.br/exames/funcao-encarregado-responsabilidades-e-perfil-ideal/
310,para que serve o epi,140,90,0,35,http://sermst.com.br/exames/o-que-sao-epis-entenda-os-equipamentos-de-protecao/
311,quando fazer o exame demissional,140,85,0,17,http://sermst.com.br/medicina-do-trabalho/como-funciona-o-exame-demissional-guia-completo-e-estrategico/
312,o que faz um encarregado de produção,140,39,0,17,http://sermst.com.br/exames/funcao-encarregado-responsabilidades-e-perfil-ideal/
313,setrab vila mariana,140,16,0,24,http://sermst.com.br/sao-paulo/exame-admissional-na-vila-mariana/
314,o que precisa para fazer exame admissional,140,89,0,13,http://sermst.com.br/exames/como-funciona-o-exame-admissional/
315,mgs medicina ocupacional e segurança do trabalho,140,39,0,21,http://sermst.com.br/
316,qual o significado de epi,140,82,0,18,http://sermst.com.br/exames/o-que-sao-epis-entenda-os-equipamentos-de-protecao/
317,o'que precisa para fazer exame admissional,140,69,0,13,http://sermst.com.br/exames/como-funciona-o-exame-admissional/
318,para que serve os epis,140,16,0,23,http://sermst.com.br/exames/o-que-sao-epis-entenda-os-equipamentos-de-protecao/
319,mest serviços medicina e segurança do trabalho,140,34,0,10,http://sermst.com.br/
320,norma regulamentadora 7 atualizada,140,64,0,22,http://sermst.com.br/exames/nr07-guia-completo-da-norma-regulamentadora-no-7/
321,rua são paulo n 409 edifício avenida 17 andar centro,140,52,0,5,http://sermst.com.br/
322,prazo para fazer exame demissional,140,48,0,16,http://sermst.com.br/exames/como-funciona-exame-demissional/
323,programa de controle médico e saúde ocupacional nr 7,10,27,0,5,http://sermst.com.br/medicina-do-trabalho/nr-07-tudo-o-que-voce-precisa-saber-sobre-o-controle-medico-de-saude-ocupacional/
